0000280STBLXXXX001,0120001STRFXXXX001,0120432STRFXXXX001,432
0000281STBLXXXX001,0120433STRFXXXX001,0120864STRFXXXX001,432
0000282STBLXXXX001,0120865STRFXXXX001,0121296STRFXXXX001,432
0000283STBLXXXX001,0121297STRFXXXX001,0121728STRFXXXX001,432
0000284STBLXXXX001,0121729STRFXXXX001,0122160STRFXXXX001,432
0000285STBLXXXX001,0122161STRFXXXX001,0122592STRFXXXX001,432
0000286STBLXXXX001,0122593STRFXXXX001,0123024STRFXXXX001,432
0000287STBLXXXX001,0123025STRFXXXX001,0123456STRFXXXX001,432
0000288STBLXXXX001,0123457STRFXXXX001,0123888STRFXXXX001,432
0000289STBLXXXX001,0123889STRFXXXX001,0124320STRFXXXX001,432
0000290STBLXXXX001,0124321STRFXXXX001,0124752STRFXXXX001,432
0000291STBLXXXX001,0124753STRFXXXX001,0125184STRFXXXX001,432
0000292STBLXXXX001,0125185STRFXXXX001,0125616STRFXXXX001,432
0000293STBLXXXX001,0125617STRFXXXX001,0126048STRFXXXX001,432
0000294STBLXXXX001,0126049STRFXXXX001,0126480STRFXXXX001,432
0000295STBLXXXX001,0126481STRFXXXX001,0126912STRFXXXX001,432
0000296STBLXXXX001,0126913STRFXXXX001,0127344STRFXXXX001,432
0000297STBLXXXX001,0127345STRFXXXX001,0127776STRFXXXX001,432
0000298STBLXXXX001,0127777STRFXXXX001,0128208STRFXXXX001,432
0000299STBLXXXX001,0128209STRFXXXX001,0128640STRFXXXX001,432
0000300STBLXXXX001,0128641STRFXXXX001,0129072STRFXXXX001,432
0000301STBLXXXX001,0129073STRFXXXX001,0129504STRFXXXX001,432
0000302STBLXXXX001,0129505STRFXXXX001,0129936STRFXXXX001,432
0000303STBLXXXX001,0129937STRFXXXX001,0130368STRFXXXX001,432
0000304STBLXXXX001,0130369STRFXXXX001,0130800STRFXXXX001,432
0000305STBLXXXX001,0130801STRFXXXX001,0131232STRFXXXX001,432
0000306STBLXXXX001,0131233STRFXXXX001,0131664STRFXXXX001,432
0000307STBLXXXX001,0131665STRFXXXX001,0132096STRFXXXX001,432
0000308STBLXXXX001,0132097STRFXXXX001,0132528STRFXXXX001,432
0000309STBLXXXX001,0132529STRFXXXX001,0132960STRFXXXX001,432
0000310STBLXXXX001,0132961STRFXXXX001,0133392STRFXXXX001,432
0000311STBLXXXX001,0133393STRFXXXX001,0133824STRFXXXX001,432
0000312STBLXXXX001,0133825STRFXXXX001,0134256STRFXXXX001,432
0000313STBLXXXX001,0134257STRFXXXX001,0134688STRFXXXX001,432
0000314STBLXXXX001,0134689STRFXXXX001,0135120STRFXXXX001,432
0000315STBLXXXX001,0135121STRFXXXX001,0135552STRFXXXX001,432
0000316STBLXXXX001,0135553STRFXXXX001,0135984STRFXXXX001,432
0000317STBLXXXX001,0135985STRFXXXX001,0136416STRFXXXX001,432
0000318STBLXXXX001,0136417STRFXXXX001,0136848STRFXXXX001,432
0000319STBLXXXX001,0136849STRFXXXX001,0137280STRFXXXX001,432
0000320STBLXXXX001,0137281STRFXXXX001,0137712STRFXXXX001,432
0000321STBLXXXX001,0137713STRFXXXX001,0138144STRFXXXX001,432
0000322STBLXXXX001,0138145STRFXXXX001,0138576STRFXXXX001,432
0000323STBLXXXX001,0138577STRFXXXX001,0139008STRFXXXX001,432
0000324STBLXXXX001,0139009STRFXXXX001,0139440STRFXXXX001,432
0000325STBLXXXX001,0139441STRFXXXX001,0139872STRFXXXX001,432
0000326STBLXXXX001,0139873STRFXXXX001,0140304STRFXXXX001,432
0000327STBLXXXX001,0140305STRFXXXX001,0140736STRFXXXX001,432
0000328STBLXXXX001,0140737STRFXXXX001,0141168STRFXXXX001,432
0000329STBLXXXX001,0141169STRFXXXX001,0141600STRFXXXX001,432
0000330STBLXXXX001,0141601STRFXXXX001,0142032STRFXXXX001,432
0000331STBLXXXX001,0142033STRFXXXX001,0142464STRFXXXX001,432
0000332STBLXXXX001,0142465STRFXXXX001,0142896STRFXXXX001,432
0000333STBLXXXX001,0142897STRFXXXX001,0143328STRFXXXX001,432
0000334STBLXXXX001,0143329STRFXXXX001,0143760STRFXXXX001,432
0000335STBLXXXX001,0143761STRFXXXX001,0144192STRFXXXX001,432
0000336STBLXXXX001,0144193STRFXXXX001,0144624STRFXXXX001,432
0000337STBLXXXX001,0144625STRFXXXX001,0145056STRFXXXX001,432
0000338STBLXXXX001,0145057STRFXXXX001,0145488STRFXXXX001,432
0000339STBLXXXX001,0145489STRFXXXX001,0145920STRFXXXX001,432
0000340STBLXXXX001,0145921STRFXXXX001,0146352STRFXXXX001,432
0000341STBLXXXX001,0146353STRFXXXX001,0146784STRFXXXX001,432
0000342STBLXXXX001,0146785STRFXXXX001,0147216STRFXXXX001,432
0000343STBLXXXX001,0147217STRFXXXX001,0147648STRFXXXX001,432
0000344STBLXXXX001,0147649STRFXXXX001,0148080STRFXXXX001,432
0000345STBLXXXX001,0148081STRFXXXX001,0148512STRFXXXX001,432
0000346STBLXXXX001,0148513STRFXXXX001,0148944STRFXXXX001,432
0000347STBLXXXX001,0148945STRFXXXX001,0149376STRFXXXX001,432
0000348STBLXXXX001,0149377STRFXXXX001,0149808STRFXXXX001,432
0000349STBLXXXX001,0149809STRFXXXX001,0150240STRFXXXX001,432
0000350STBLXXXX001,0150241STRFXXXX001,0150672STRFXXXX001,432
0000351STBLXXXX001,0150673STRFXXXX001,0151104STRFXXXX001,432
0000352STBLXXXX001,0151105STRFXXXX001,0151536STRFXXXX001,432
0000353STBLXXXX001,0151537STRFXXXX001,0151968STRFXXXX001,432
0000354STBLXXXX001,0151969STRFXXXX001,0152400STRFXXXX001,432
0000355STBLXXXX001,0152401STRFXXXX001,0152832STRFXXXX001,432
0000356STBLXXXX001,0152833STRFXXXX001,0153264STRFXXXX001,432
0000357STBLXXXX001,0153265STRFXXXX001,0153696STRFXXXX001,432
0000358STBLXXXX001,0153697STRFXXXX001,0154128STRFXXXX001,432
0000359STBLXXXX001,0154129STRFXXXX001,0154560STRFXXXX001,432
0000360STBLXXXX001,0154561STRFXXXX001,0154992STRFXXXX001,432
0000361STBLXXXX001,0154993STRFXXXX001,0155424STRFXXXX001,432
0000362STBLXXXX001,0155425STRFXXXX001,0155856STRFXXXX001,432
0000363STBLXXXX001,0155857STRFXXXX001,0156288STRFXXXX001,432
0000364STBLXXXX001,0156289STRFXXXX001,0156720STRFXXXX001,432
0000365STBLXXXX001,0156721STRFXXXX001,0157152STRFXXXX001,432
0000366STBLXXXX001,0157153STRFXXXX001,0157584STRFXXXX001,432
0000367STBLXXXX001,0157585STRFXXXX001,0158016STRFXXXX001,432
0000368STBLXXXX001,0158017STRFXXXX001,0158448STRFXXXX001,432
0000369STBLXXXX001,0158449STRFXXXX001,0158880STRFXXXX001,432
0000370STBLXXXX001,0158881STRFXXXX001,0159312STRFXXXX001,432
0000371STBLXXXX001,0159313STRFXXXX001,0159744STRFXXXX001,432
0000372STBLXXXX001,0159745STRFXXXX001,0160176STRFXXXX001,432
0000373STBLXXXX001,0160177STRFXXXX001,0160608STRFXXXX001,432
0000374STBLXXXX001,0160609STRFXXXX001,0161040STRFXXXX001,432
0000375STBLXXXX001,0161041STRFXXXX001,0161472STRFXXXX001,432
0000376STBLXXXX001,0161473STRFXXXX001,0161904STRFXXXX001,432
0000377STBLXXXX001,0161905STRFXXXX001,0162336STRFXXXX001,432
0000378STBLXXXX001,0162337STRFXXXX001,0162768STRFXXXX001,432
0000379STBLXXXX001,0162769STRFXXXX001,0163200STRFXXXX001,432
0000380STBLXXXX001,0163201STRFXXXX001,0163632STRFXXXX001,432
0000381STBLXXXX001,0163633STRFXXXX001,0164064STRFXXXX001,432
0000382STBLXXXX001,0164065STRFXXXX001,0164496STRFXXXX001,432
0000383STBLXXXX001,0164497STRFXXXX001,0164928STRFXXXX001,432
0000384STBLXXXX001,0164929STRFXXXX001,0165360STRFXXXX001,432
0000385STBLXXXX001,0165361STRFXXXX001,0165792STRFXXXX001,432
0000386STBLXXXX001,0165793STRFXXXX001,0166224STRFXXXX001,432
0000387STBLXXXX001,0166225STRFXXXX001,0166656STRFXXXX001,432
0000388STBLXXXX001,0166657STRFXXXX001,0167088STRFXXXX001,432
0000389STBLXXXX001,0167089STRFXXXX001,0167520STRFXXXX001,432
0000390STBLXXXX001,0167521STRFXXXX001,0167952STRFXXXX001,432
0000391STBLXXXX001,0167953STRFXXXX001,0168384STRFXXXX001,432
0000392STBLXXXX001,0168385STRFXXXX001,0168816STRFXXXX001,432
0000393STBLXXXX001,0168817STRFXXXX001,0169248STRFXXXX001,432
0000394STBLXXXX001,0169249STRFXXXX001,0169680STRFXXXX001,432
0000395STBLXXXX001,0169681STRFXXXX001,0170112STRFXXXX001,432
0000396STBLXXXX001,0170113STRFXXXX001,0170544STRFXXXX001,432
0000397STBLXXXX001,0170545STRFXXXX001,0170976STRFXXXX001,432
0000398STBLXXXX001,0170977STRFXXXX001,0171408STRFXXXX001,432
0000399STBLXXXX001,0171409STRFXXXX001,0171840STRFXXXX001,432
0000400STBLXXXX001,0171841STRFXXXX001,0172272STRFXXXX001,432
0000401STBLXXXX001,0172273STRFXXXX001,0172704STRFXXXX001,432
0000402STBLXXXX001,0172705STRFXXXX001,0173136STRFXXXX001,432
0000403STBLXXXX001,0173137STRFXXXX001,0173568STRFXXXX001,432
0000404STBLXXXX001,0173569STRFXXXX001,0174000STRFXXXX001,432
0000405STBLXXXX001,0174001STRFXXXX001,0174432STRFXXXX001,432
0000406STBLXXXX001,0174433STRFXXXX001,0174864STRFXXXX001,432
0000407STBLXXXX001,0174865STRFXXXX001,0175296STRFXXXX001,432
0000408STBLXXXX001,0175297STRFXXXX001,0175728STRFXXXX001,432
0000409STBLXXXX001,0175729STRFXXXX001,0176160STRFXXXX001,432
0000410STBLXXXX001,0176161STRFXXXX001,0176592STRFXXXX001,432
0000411STBLXXXX001,0176593STRFXXXX001,0177024STRFXXXX001,432
0000412STBLXXXX001,0177025STRFXXXX001,0177456STRFXXXX001,432
0000413STBLXXXX001,0177457STRFXXXX001,0177888STRFXXXX001,432
0000414STBLXXXX001,0177889STRFXXXX001,0178320STRFXXXX001,432
0000415STBLXXXX001,0178321STRFXXXX001,0178752STRFXXXX001,432
0000416STBLXXXX001,0178753STRFXXXX001,0179184STRFXXXX001,432
0000417STBLXXXX001,0179185STRFXXXX001,0179616STRFXXXX001,432
0000418STBLXXXX001,0179617STRFXXXX001,0180048STRFXXXX001,432
0000419STBLXXXX001,0180049STRFXXXX001,0180480STRFXXXX001,432
0000420STBLXXXX001,0180481STRFXXXX001,0180912STRFXXXX001,432
0000421STBLXXXX001,0180913STRFXXXX001,0181344STRFXXXX001,432
0000422STBLXXXX001,0181345STRFXXXX001,0181776STRFXXXX001,432
0000423STBLXXXX001,0181777STRFXXXX001,0182208STRFXXXX001,432
0000424STBLXXXX001,0182209STRFXXXX001,0182640STRFXXXX001,432
0000425STBLXXXX001,0182641STRFXXXX001,0183072STRFXXXX001,432
0000426STBLXXXX001,0183073STRFXXXX001,0183504STRFXXXX001,432
0000427STBLXXXX001,0183505STRFXXXX001,0183936STRFXXXX001,432
0000428STBLXXXX001,0183937STRFXXXX001,0184368STRFXXXX001,432
0000429STBLXXXX001,0184369STRFXXXX001,0184800STRFXXXX001,432
0000430STBLXXXX001,0184801STRFXXXX001,0185232STRFXXXX001,432
0000431STBLXXXX001,0185233STRFXXXX001,0185664STRFXXXX001,432
0000432STBLXXXX001,0185665STRFXXXX001,0186096STRFXXXX001,432
0000433STBLXXXX001,0186097STRFXXXX001,0186528STRFXXXX001,432
0000434STBLXXXX001,0186529STRFXXXX001,0186960STRFXXXX001,432
0000435STBLXXXX001,0186961STRFXXXX001,0187392STRFXXXX001,432
0000436STBLXXXX001,0187393STRFXXXX001,0187824STRFXXXX001,432
0000437STBLXXXX001,0187825STRFXXXX001,0188256STRFXXXX001,432
0000438STBLXXXX001,0188257STRFXXXX001,0188688STRFXXXX001,432
0000439STBLXXXX001,0188689STRFXXXX001,0189120STRFXXXX001,432
0000440STBLXXXX001,0189121STRFXXXX001,0189552STRFXXXX001,432
0000441STBLXXXX001,0189553STRFXXXX001,0189984STRFXXXX001,432
0000442STBLXXXX001,0189985STRFXXXX001,0190416STRFXXXX001,432
0000443STBLXXXX001,0190417STRFXXXX001,0190848STRFXXXX001,432
0000444STBLXXXX001,0190849STRFXXXX001,0191280STRFXXXX001,432
0000445STBLXXXX001,0191281STRFXXXX001,0191712STRFXXXX001,432
0000446STBLXXXX001,0191713STRFXXXX001,0192144STRFXXXX001,432
0000447STBLXXXX001,0192145STRFXXXX001,0192576STRFXXXX001,432
0000448STBLXXXX001,0192577STRFXXXX001,0193008STRFXXXX001,432
0000449STBLXXXX001,0193009STRFXXXX001,0193440STRFXXXX001,432
0000450STBLXXXX001,0193441STRFXXXX001,0193872STRFXXXX001,432
0000451STBLXXXX001,0193873STRFXXXX001,0194304STRFXXXX001,432
0000452STBLXXXX001,0194305STRFXXXX001,0194736STRFXXXX001,432
0000453STBLXXXX001,0194737STRFXXXX001,0195168STRFXXXX001,432
0000454STBLXXXX001,0195169STRFXXXX001,0195600STRFXXXX001,432
0000455STBLXXXX001,0195601STRFXXXX001,0196032STRFXXXX001,432
0000456STBLXXXX001,0196033STRFXXXX001,0196464STRFXXXX001,432
0000457STBLXXXX001,0196465STRFXXXX001,0196896STRFXXXX001,432
0000458STBLXXXX001,0196897STRFXXXX001,0197328STRFXXXX001,432
0000459STBLXXXX001,0197329STRFXXXX001,0197760STRFXXXX001,432
0000460STBLXXXX001,0197761STRFXXXX001,0198192STRFXXXX001,432
0000461STBLXXXX001,0198193STRFXXXX001,0198624STRFXXXX001,432
0000462STBLXXXX001,0198625STRFXXXX001,0199056STRFXXXX001,432
0000463STBLXXXX001,0199057STRFXXXX001,0199488STRFXXXX001,432
0000464STBLXXXX001,0199489STRFXXXX001,0199920STRFXXXX001,432
0000465STBLXXXX001,0199921STRFXXXX001,0200352STRFXXXX001,432
0000466STBLXXXX001,0200353STRFXXXX001,0200784STRFXXXX001,432
0000467STBLXXXX001,0200785STRFXXXX001,0201216STRFXXXX001,432
0000468STBLXXXX001,0201217STRFXXXX001,0201648STRFXXXX001,432
0000469STBLXXXX001,0201649STRFXXXX001,0202080STRFXXXX001,432
0000470STBLXXXX001,0202081STRFXXXX001,0202512STRFXXXX001,432
0000471STBLXXXX001,0202513STRFXXXX001,0202944STRFXXXX001,432
0000472STBLXXXX001,0202945STRFXXXX001,0203376STRFXXXX001,432
0000473STBLXXXX001,0203377STRFXXXX001,0203808STRFXXXX001,432
0000474STBLXXXX001,0203809STRFXXXX001,0204240STRFXXXX001,432
0000475STBLXXXX001,0204241STRFXXXX001,0204672STRFXXXX001,432
0000476STBLXXXX001,0204673STRFXXXX001,0205104STRFXXXX001,432
0000477STBLXXXX001,0205105STRFXXXX001,0205536STRFXXXX001,432
0000478STBLXXXX001,0205537STRFXXXX001,0205968STRFXXXX001,432
0000479STBLXXXX001,0205969STRFXXXX001,0206400STRFXXXX001,432
0000480STBLXXXX001,0206401STRFXXXX001,0206832STRFXXXX001,432
0000481STBLXXXX001,0206833STRFXXXX001,0207264STRFXXXX001,432
0000482STBLXXXX001,0207265STRFXXXX001,0207696STRFXXXX001,432
0000483STBLXXXX001,0207697STRFXXXX001,0208128STRFXXXX001,432
0000484STBLXXXX001,0208129STRFXXXX001,0208560STRFXXXX001,432
0000485STBLXXXX001,0208561STRFXXXX001,0208992STRFXXXX001,432
0000486STBLXXXX001,0208993STRFXXXX001,0209424STRFXXXX001,432
0000487STBLXXXX001,0209425STRFXXXX001,0209856STRFXXXX001,432
0000488STBLXXXX001,0209857STRFXXXX001,0210288STRFXXXX001,432
0000489STBLXXXX001,0210289STRFXXXX001,0210720STRFXXXX001,432
0000490STBLXXXX001,0210721STRFXXXX001,0211152STRFXXXX001,432
0000491STBLXXXX001,0211153STRFXXXX001,0211584STRFXXXX001,432
0000492STBLXXXX001,0211585STRFXXXX001,0212016STRFXXXX001,432
0000493STBLXXXX001,0212017STRFXXXX001,0212448STRFXXXX001,432
0000494STBLXXXX001,0212449STRFXXXX001,0212880STRFXXXX001,432
0000495STBLXXXX001,0212881STRFXXXX001,0213312STRFXXXX001,432
0000496STBLXXXX001,0213313STRFXXXX001,0213744STRFXXXX001,432
0000497STBLXXXX001,0213745STRFXXXX001,0214176STRFXXXX001,432
0000498STBLXXXX001,0214177STRFXXXX001,0214608STRFXXXX001,432
0000499STBLXXXX001,0214609STRFXXXX001,0215040STRFXXXX001,432
0000500STBLXXXX001,0215041STRFXXXX001,0215472STRFXXXX001,432
0000501STBLXXXX001,0215473STRFXXXX001,0215904STRFXXXX001,432
0000502STBLXXXX001,0215905STRFXXXX001,0216336STRFXXXX001,432
0000503STBLXXXX001,0216337STRFXXXX001,0216768STRFXXXX001,432
0000504STBLXXXX001,0216769STRFXXXX001,0217200STRFXXXX001,432
0000505STBLXXXX001,0217201STRFXXXX001,0217632STRFXXXX001,432
0000506STBLXXXX001,0217633STRFXXXX001,0218064STRFXXXX001,432
0000507STBLXXXX001,0218065STRFXXXX001,0218496STRFXXXX001,432
0000508STBLXXXX001,0218497STRFXXXX001,0218928STRFXXXX001,432
0000509STBLXXXX001,0218929STRFXXXX001,0219360STRFXXXX001,432
0000510STBLXXXX001,0219361STRFXXXX001,0219792STRFXXXX001,432
0000511STBLXXXX001,0219793STRFXXXX001,0220224STRFXXXX001,432
0000512STBLXXXX001,0220225STRFXXXX001,0220656STRFXXXX001,432
0000513STBLXXXX001,0220657STRFXXXX001,0221088STRFXXXX001,432
0000514STBLXXXX001,0221089STRFXXXX001,0221520STRFXXXX001,432
0000515STBLXXXX001,0221521STRFXXXX001,0221952STRFXXXX001,432
0000516STBLXXXX001,0221953STRFXXXX001,0222384STRFXXXX001,432
0000517STBLXXXX001,0222385STRFXXXX001,0222816STRFXXXX001,432
0000518STBLXXXX001,0222817STRFXXXX001,0223248STRFXXXX001,432
0000519STBLXXXX001,0223249STRFXXXX001,0223680STRFXXXX001,432
0000520STBLXXXX001,0223681STRFXXXX001,0224112STRFXXXX001,432
0000521STBLXXXX001,0224113STRFXXXX001,0224544STRFXXXX001,432
0000522STBLXXXX001,0224545STRFXXXX001,0224976STRFXXXX001,432
0000523STBLXXXX001,0224977STRFXXXX001,0225408STRFXXXX001,432
0000524STBLXXXX001,0225409STRFXXXX001,0225840STRFXXXX001,432
0000525STBLXXXX001,0225841STRFXXXX001,0226272STRFXXXX001,432
0000526STBLXXXX001,0226273STRFXXXX001,0226704STRFXXXX001,432
0000527STBLXXXX001,0226705STRFXXXX001,0227136STRFXXXX001,432
0000528STBLXXXX001,0227137STRFXXXX001,0227568STRFXXXX001,432
0000529STBLXXXX001,0227569STRFXXXX001,0228000STRFXXXX001,432
0000530STBLXXXX001,0228001STRFXXXX001,0228432STRFXXXX001,432
0000531STBLXXXX001,0228433STRFXXXX001,0228864STRFXXXX001,432
0000532STBLXXXX001,0228865STRFXXXX001,0229296STRFXXXX001,432
0000533STBLXXXX001,0229297STRFXXXX001,0229728STRFXXXX001,432
0000534STBLXXXX001,0229729STRFXXXX001,0230160STRFXXXX001,432
0000535STBLXXXX001,0230161STRFXXXX001,0230592STRFXXXX001,432
0000536STBLXXXX001,0230593STRFXXXX001,0231024STRFXXXX001,432
0000537STBLXXXX001,0231025STRFXXXX001,0231456STRFXXXX001,432
0000538STBLXXXX001,0231457STRFXXXX001,0231888STRFXXXX001,432
0000539STBLXXXX001,0231889STRFXXXX001,0232320STRFXXXX001,432
0000540STBLXXXX001,0232321STRFXXXX001,0232752STRFXXXX001,432
0000541STBLXXXX001,0232753STRFXXXX001,0233184STRFXXXX001,432
0000542STBLXXXX001,0233185STRFXXXX001,0233616STRFXXXX001,432
0000543STBLXXXX001,0233617STRFXXXX001,0234048STRFXXXX001,432
0000544STBLXXXX001,0234049STRFXXXX001,0234480STRFXXXX001,432
0000545STBLXXXX001,0234481STRFXXXX001,0234912STRFXXXX001,432
0000546STBLXXXX001,0234913STRFXXXX001,0235344STRFXXXX001,432
0000547STBLXXXX001,0235345STRFXXXX001,0235776STRFXXXX001,432
0000548STBLXXXX001,0235777STRFXXXX001,0236208STRFXXXX001,432
0000549STBLXXXX001,0236209STRFXXXX001,0236640STRFXXXX001,432
0000550STBLXXXX001,0236641STRFXXXX001,0237072STRFXXXX001,432
0000551STBLXXXX001,0237073STRFXXXX001,0237504STRFXXXX001,432
0000552STBLXXXX001,0237505STRFXXXX001,0237936STRFXXXX001,432
0000553STBLXXXX001,0237937STRFXXXX001,0238368STRFXXXX001,432
0000554STBLXXXX001,0238369STRFXXXX001,0238800STRFXXXX001,432
0000555STBLXXXX001,0238801STRFXXXX001,0239232STRFXXXX001,432
0000556STBLXXXX001,0239233STRFXXXX001,0239664STRFXXXX001,432
0000557STBLXXXX001,0239665STRFXXXX001,0240096STRFXXXX001,432
0000558STBLXXXX001,0240097STRFXXXX001,0240528STRFXXXX001,432
0000559STBLXXXX001,0240529STRFXXXX001,0240960STRFXXXX001,432
0000560STBLXXXX001,0240961STRFXXXX001,0241392STRFXXXX001,432
0000561STBLXXXX001,0241393STRFXXXX001,0241824STRFXXXX001,432
0000562STBLXXXX001,0241825STRFXXXX001,0242256STRFXXXX001,432
0000563STBLXXXX001,0242257STRFXXXX001,0242688STRFXXXX001,432
0000564STBLXXXX001,0242689STRFXXXX001,0243120STRFXXXX001,432
0000565STBLXXXX001,0243121STRFXXXX001,0243552STRFXXXX001,432
0000566STBLXXXX001,0243553STRFXXXX001,0243984STRFXXXX001,432
0000567STBLXXXX001,0243985STRFXXXX001,0244416STRFXXXX001,432
0000568STBLXXXX001,0244417STRFXXXX001,0244848STRFXXXX001,432
0000569STBLXXXX001,0244849STRFXXXX001,0245280STRFXXXX001,432
0000570STBLXXXX001,0245281STRFXXXX001,0245712STRFXXXX001,432
0000571STBLXXXX001,0245713STRFXXXX001,0246144STRFXXXX001,432
0000572STBLXXXX001,0246145STRFXXXX001,0246576STRFXXXX001,432
0000573STBLXXXX001,0246577STRFXXXX001,0247008STRFXXXX001,432
0000574STBLXXXX001,0247009STRFXXXX001,0247440STRFXXXX001,432
0000575STBLXXXX001,0247441STRFXXXX001,0247872STRFXXXX001,432
0000576STBLXXXX001,0247873STRFXXXX001,0248304STRFXXXX001,432
0000577STBLXXXX001,0248305STRFXXXX001,0248736STRFXXXX001,432
0000578STBLXXXX001,0248737STRFXXXX001,0249168STRFXXXX001,432
0000579STBLXXXX001,0249169STRFXXXX001,0249600STRFXXXX001,432
0000580STBLXXXX001,0249601STRFXXXX001,0250032STRFXXXX001,432
0000581STBLXXXX001,0250033STRFXXXX001,0250464STRFXXXX001,432
0000582STBLXXXX001,0250465STRFXXXX001,0250896STRFXXXX001,432
0000583STBLXXXX001,0250897STRFXXXX001,0251328STRFXXXX001,432
0000584STBLXXXX001,0251329STRFXXXX001,0251760STRFXXXX001,432
0000585STBLXXXX001,0251761STRFXXXX001,0252192STRFXXXX001,432
0000586STBLXXXX001,0252193STRFXXXX001,0252624STRFXXXX001,432
0000587STBLXXXX001,0252625STRFXXXX001,0253056STRFXXXX001,432
0000588STBLXXXX001,0253057STRFXXXX001,0253488STRFXXXX001,432
0000589STBLXXXX001,0253489STRFXXXX001,0253920STRFXXXX001,432
0000590STBLXXXX001,0253921STRFXXXX001,0254352STRFXXXX001,432
0000591STBLXXXX001,0254353STRFXXXX001,0254784STRFXXXX001,432
0000592STBLXXXX001,0254785STRFXXXX001,0255216STRFXXXX001,432
0000593STBLXXXX001,0255217STRFXXXX001,0255648STRFXXXX001,432
0000594STBLXXXX001,0255649STRFXXXX001,0256080STRFXXXX001,432
0000595STBLXXXX001,0256081STRFXXXX001,0256512STRFXXXX001,432
0000596STBLXXXX001,0256513STRFXXXX001,0256944STRFXXXX001,432
0000597STBLXXXX001,0256945STRFXXXX001,0257376STRFXXXX001,432
0000598STBLXXXX001,0257377STRFXXXX001,0257808STRFXXXX001,432
0000599STBLXXXX001,0257809STRFXXXX001,0258240STRFXXXX001,432
0000600STBLXXXX001,0258241STRFXXXX001,0258672STRFXXXX001,432
0000601STBLXXXX001,0258673STRFXXXX001,0259104STRFXXXX001,432
0000602STBLXXXX001,0259105STRFXXXX001,0259536STRFXXXX001,432
0000603STBLXXXX001,0259537STRFXXXX001,0259968STRFXXXX001,432
0000604STBLXXXX001,0259969STRFXXXX001,0260400STRFXXXX001,432
0000605STBLXXXX001,0260401STRFXXXX001,0260832STRFXXXX001,432
0000606STBLXXXX001,0260833STRFXXXX001,0261264STRFXXXX001,432
0000607STBLXXXX001,0261265STRFXXXX001,0261696STRFXXXX001,432
0000608STBLXXXX001,0261697STRFXXXX001,0262128STRFXXXX001,432
0000609STBLXXXX001,0262129STRFXXXX001,0262560STRFXXXX001,432
0000610STBLXXXX001,0262561STRFXXXX001,0262992STRFXXXX001,432
0000611STBLXXXX001,0262993STRFXXXX001,0263424STRFXXXX001,432
0000612STBLXXXX001,0263425STRFXXXX001,0263856STRFXXXX001,432
0000613STBLXXXX001,0263857STRFXXXX001,0264288STRFXXXX001,432
0000614STBLXXXX001,0264289STRFXXXX001,0264720STRFXXXX001,432
0000615STBLXXXX001,0264721STRFXXXX001,0265152STRFXXXX001,432
0000616STBLXXXX001,0265153STRFXXXX001,0265584STRFXXXX001,432
0000617STBLXXXX001,0265585STRFXXXX001,0266016STRFXXXX001,432
0000618STBLXXXX001,0266017STRFXXXX001,0266448STRFXXXX001,432
0000619STBLXXXX001,0266449STRFXXXX001,0266880STRFXXXX001,432
0000620STBLXXXX001,0266881STRFXXXX001,0267312STRFXXXX001,432
0000621STBLXXXX001,0267313STRFXXXX001,0267744STRFXXXX001,432
0000622STBLXXXX001,0267745STRFXXXX001,0268176STRFXXXX001,432
0000623STBLXXXX001,0268177STRFXXXX001,0268608STRFXXXX001,432
0000624STBLXXXX001,0268609STRFXXXX001,0269040STRFXXXX001,432
0000625STBLXXXX001,0269041STRFXXXX001,0269472STRFXXXX001,432
0000626STBLXXXX001,0269473STRFXXXX001,0269904STRFXXXX001,432
0000627STBLXXXX001,0269905STRFXXXX001,0270336STRFXXXX001,432
0000628STBLXXXX001,0270337STRFXXXX001,0270768STRFXXXX001,432
0000629STBLXXXX001,0270769STRFXXXX001,0271200STRFXXXX001,432
0000630STBLXXXX001,0271201STRFXXXX001,0271632STRFXXXX001,432
0000631STBLXXXX001,0271633STRFXXXX001,0272064STRFXXXX001,432
0000632STBLXXXX001,0272065STRFXXXX001,0272496STRFXXXX001,432
0000633STBLXXXX001,0272497STRFXXXX001,0272928STRFXXXX001,432
0000634STBLXXXX001,0272929STRFXXXX001,0273360STRFXXXX001,432
0000635STBLXXXX001,0273361STRFXXXX001,0273792STRFXXXX001,432
0000636STBLXXXX001,0273793STRFXXXX001,0274224STRFXXXX001,432
0000637STBLXXXX001,0274225STRFXXXX001,0274656STRFXXXX001,432
0000638STBLXXXX001,0274657STRFXXXX001,0275088STRFXXXX001,432
0000639STBLXXXX001,0275089STRFXXXX001,0275520STRFXXXX001,432
0000640STBLXXXX001,0275521STRFXXXX001,0275952STRFXXXX001,432
0000641STBLXXXX001,0275953STRFXXXX001,0276384STRFXXXX001,432
0000642STBLXXXX001,0276385STRFXXXX001,0276816STRFXXXX001,432
0000643STBLXXXX001,0276817STRFXXXX001,0277248STRFXXXX001,432
0000644STBLXXXX001,0277249STRFXXXX001,0277680STRFXXXX001,432
0000645STBLXXXX001,0277681STRFXXXX001,0278112STRFXXXX001,432
0000646STBLXXXX001,0278113STRFXXXX001,0278544STRFXXXX001,432
0000647STBLXXXX001,0278545STRFXXXX001,0278976STRFXXXX001,432
0000648STBLXXXX001,0278977STRFXXXX001,0279408STRFXXXX001,432
0000649STBLXXXX001,0279409STRFXXXX001,0279840STRFXXXX001,432
0000650STBLXXXX001,0279841STRFXXXX001,0280272STRFXXXX001,432
0000651STBLXXXX001,0280273STRFXXXX001,0280704STRFXXXX001,432
0000652STBLXXXX001,0280705STRFXXXX001,0281136STRFXXXX001,432
0000653STBLXXXX001,0281137STRFXXXX001,0281568STRFXXXX001,432
0000654STBLXXXX001,0281569STRFXXXX001,0282000STRFXXXX001,432
0000655STBLXXXX001,0282001STRFXXXX001,0282432STRFXXXX001,432
0000656STBLXXXX001,0282433STRFXXXX001,0282864STRFXXXX001,432
0000657STBLXXXX001,0282865STRFXXXX001,0283296STRFXXXX001,432
0000658STBLXXXX001,0283297STRFXXXX001,0283728STRFXXXX001,432
0000659STBLXXXX001,0283729STRFXXXX001,0284160STRFXXXX001,432
0000660STBLXXXX001,0284161STRFXXXX001,0284592STRFXXXX001,432
0000661STBLXXXX001,0284593STRFXXXX001,0285024STRFXXXX001,432
0000662STBLXXXX001,0285025STRFXXXX001,0285456STRFXXXX001,432
0000663STBLXXXX001,0285457STRFXXXX001,0285888STRFXXXX001,432
0000664STBLXXXX001,0285889STRFXXXX001,0286320STRFXXXX001,432
0000665STBLXXXX001,0286321STRFXXXX001,0286752STRFXXXX001,432
0000666STBLXXXX001,0286753STRFXXXX001,0287184STRFXXXX001,432
0000667STBLXXXX001,0287185STRFXXXX001,0287616STRFXXXX001,432
0000668STBLXXXX001,0287617STRFXXXX001,0288048STRFXXXX001,432
0000669STBLXXXX001,0288049STRFXXXX001,0288480STRFXXXX001,432
0000670STBLXXXX001,0288481STRFXXXX001,0288912STRFXXXX001,432
0000671STBLXXXX001,0288913STRFXXXX001,0289344STRFXXXX001,432
0000672STBLXXXX001,0289345STRFXXXX001,0289776STRFXXXX001,432
0000673STBLXXXX001,0289777STRFXXXX001,0290208STRFXXXX001,432
0000674STBLXXXX001,0290209STRFXXXX001,0290640STRFXXXX001,432
0000675STBLXXXX001,0290641STRFXXXX001,0291072STRFXXXX001,432
0000676STBLXXXX001,0291073STRFXXXX001,0291504STRFXXXX001,432
0000677STBLXXXX001,0291505STRFXXXX001,0291936STRFXXXX001,432
0000678STBLXXXX001,0291937STRFXXXX001,0292368STRFXXXX001,432
0000679STBLXXXX001,0292369STRFXXXX001,0292800STRFXXXX001,432
0000680STBLXXXX001,0292801STRFXXXX001,0293232STRFXXXX001,432
0000681STBLXXXX001,0293233STRFXXXX001,0293664STRFXXXX001,432
0000682STBLXXXX001,0293665STRFXXXX001,0294096STRFXXXX001,432
0000683STBLXXXX001,0294097STRFXXXX001,0294528STRFXXXX001,432
0000684STBLXXXX001,0294529STRFXXXX001,0294960STRFXXXX001,432
0000685STBLXXXX001,0294961STRFXXXX001,0295392STRFXXXX001,432
0000686STBLXXXX001,0295393STRFXXXX001,0295824STRFXXXX001,432
0000687STBLXXXX001,0295825STRFXXXX001,0296256STRFXXXX001,432
0000688STBLXXXX001,0296257STRFXXXX001,0296688STRFXXXX001,432
0000689STBLXXXX001,0296689STRFXXXX001,0297120STRFXXXX001,432
0000690STBLXXXX001,0297121STRFXXXX001,0297552STRFXXXX001,432
0000691STBLXXXX001,0297553STRFXXXX001,0297984STRFXXXX001,432
0000692STBLXXXX001,0297985STRFXXXX001,0298416STRFXXXX001,432
0000693STBLXXXX001,0298417STRFXXXX001,0298848STRFXXXX001,432
0000694STBLXXXX001,0298849STRFXXXX001,0299280STRFXXXX001,432
0000695STBLXXXX001,0299281STRFXXXX001,0299712STRFXXXX001,432
0000696STBLXXXX001,0299713STRFXXXX001,0300144STRFXXXX001,432
0000697STBLXXXX001,0300145STRFXXXX001,0300576STRFXXXX001,432
0000698STBLXXXX001,0300577STRFXXXX001,0301008STRFXXXX001,432
0000699STBLXXXX001,0301009STRFXXXX001,0301440STRFXXXX001,432
0000700STBLXXXX001,0301441STRFXXXX001,0301872STRFXXXX001,432
0000701STBLXXXX001,0301873STRFXXXX001,0302304STRFXXXX001,432
0000702STBLXXXX001,0302305STRFXXXX001,0302736STRFXXXX001,432
0000703STBLXXXX001,0302737STRFXXXX001,0303168STRFXXXX001,432
0000704STBLXXXX001,0303169STRFXXXX001,0303600STRFXXXX001,432
0000705STBLXXXX001,0303601STRFXXXX001,0304032STRFXXXX001,432
0000706STBLXXXX001,0304033STRFXXXX001,0304464STRFXXXX001,432
0000707STBLXXXX001,0304465STRFXXXX001,0304896STRFXXXX001,432
0000708STBLXXXX001,0304897STRFXXXX001,0305328STRFXXXX001,432
0000709STBLXXXX001,0305329STRFXXXX001,0305760STRFXXXX001,432
0000710STBLXXXX001,0305761STRFXXXX001,0306192STRFXXXX001,432
0000711STBLXXXX001,0306193STRFXXXX001,0306624STRFXXXX001,432
0000712STBLXXXX001,0306625STRFXXXX001,0307056STRFXXXX001,432
0000713STBLXXXX001,0307057STRFXXXX001,0307488STRFXXXX001,432
0000714STBLXXXX001,0307489STRFXXXX001,0307920STRFXXXX001,432
0000715STBLXXXX001,0307921STRFXXXX001,0308352STRFXXXX001,432
0000716STBLXXXX001,0308353STRFXXXX001,0308784STRFXXXX001,432
0000717STBLXXXX001,0308785STRFXXXX001,0309216STRFXXXX001,432
0000718STBLXXXX001,0309217STRFXXXX001,0309648STRFXXXX001,432
0000719STBLXXXX001,0309649STRFXXXX001,0310080STRFXXXX001,432
0000720STBLXXXX001,0310081STRFXXXX001,0310512STRFXXXX001,432
0000721STBLXXXX001,0310513STRFXXXX001,0310944STRFXXXX001,432
0000722STBLXXXX001,0310945STRFXXXX001,0311376STRFXXXX001,432
0000723STBLXXXX001,0311377STRFXXXX001,0311808STRFXXXX001,432
0000724STBLXXXX001,0311809STRFXXXX001,0312240STRFXXXX001,432
0000725STBLXXXX001,0312241STRFXXXX001,0312672STRFXXXX001,432
0000726STBLXXXX001,0312673STRFXXXX001,0313104STRFXXXX001,432
0000727STBLXXXX001,0313105STRFXXXX001,0313536STRFXXXX001,432
0000728STBLXXXX001,0313537STRFXXXX001,0313968STRFXXXX001,432
0000729STBLXXXX001,0313969STRFXXXX001,0314400STRFXXXX001,432
0000730STBLXXXX001,0314401STRFXXXX001,0314832STRFXXXX001,432
0000731STBLXXXX001,0314833STRFXXXX001,0315264STRFXXXX001,432
0000732STBLXXXX001,0315265STRFXXXX001,0315696STRFXXXX001,432
0000733STBLXXXX001,0315697STRFXXXX001,0316128STRFXXXX001,432
0000734STBLXXXX001,0316129STRFXXXX001,0316560STRFXXXX001,432
0000735STBLXXXX001,0316561STRFXXXX001,0316992STRFXXXX001,432
0000736STBLXXXX001,0316993STRFXXXX001,0317424STRFXXXX001,432
0000737STBLXXXX001,0317425STRFXXXX001,0317856STRFXXXX001,432
0000738STBLXXXX001,0317857STRFXXXX001,0318288STRFXXXX001,432
0000739STBLXXXX001,0318289STRFXXXX001,0318720STRFXXXX001,432
0000740STBLXXXX001,0318721STRFXXXX001,0319152STRFXXXX001,432
0000741STBLXXXX001,0319153STRFXXXX001,0319584STRFXXXX001,432
0000742STBLXXXX001,0319585STRFXXXX001,0320016STRFXXXX001,432
0000743STBLXXXX001,0320017STRFXXXX001,0320448STRFXXXX001,432
0000744STBLXXXX001,0320449STRFXXXX001,0320880STRFXXXX001,432
0000745STBLXXXX001,0320881STRFXXXX001,0321312STRFXXXX001,432
0000746STBLXXXX001,0321313STRFXXXX001,0321744STRFXXXX001,432
0000747STBLXXXX001,0321745STRFXXXX001,0322176STRFXXXX001,432
0000748STBLXXXX001,0322177STRFXXXX001,0322608STRFXXXX001,432
0000749STBLXXXX001,0322609STRFXXXX001,0323040STRFXXXX001,432
0000750STBLXXXX001,0323041STRFXXXX001,0323472STRFXXXX001,432
0000751STBLXXXX001,0323473STRFXXXX001,0323904STRFXXXX001,432
0000752STBLXXXX001,0323905STRFXXXX001,0324336STRFXXXX001,432
0000753STBLXXXX001,0324337STRFXXXX001,0324768STRFXXXX001,432
0000754STBLXXXX001,0324769STRFXXXX001,0325200STRFXXXX001,432
0000755STBLXXXX001,0325201STRFXXXX001,0325632STRFXXXX001,432
0000756STBLXXXX001,0325633STRFXXXX001,0326064STRFXXXX001,432
0000757STBLXXXX001,0326065STRFXXXX001,0326496STRFXXXX001,432
0000758STBLXXXX001,0326497STRFXXXX001,0326928STRFXXXX001,432
0000759STBLXXXX001,0326929STRFXXXX001,0327360STRFXXXX001,432
0000760STBLXXXX001,0327361STRFXXXX001,0327792STRFXXXX001,432
0000761STBLXXXX001,0327793STRFXXXX001,0328224STRFXXXX001,432
0000762STBLXXXX001,0328225STRFXXXX001,0328656STRFXXXX001,432
0000763STBLXXXX001,0328657STRFXXXX001,0329088STRFXXXX001,432
0000764STBLXXXX001,0329089STRFXXXX001,0329520STRFXXXX001,432
0000765STBLXXXX001,0329521STRFXXXX001,0329952STRFXXXX001,432
0000766STBLXXXX001,0329953STRFXXXX001,0330384STRFXXXX001,432
0000767STBLXXXX001,0330385STRFXXXX001,0330816STRFXXXX001,432
0000768STBLXXXX001,0330817STRFXXXX001,0331248STRFXXXX001,432
0000769STBLXXXX001,0331249STRFXXXX001,0331680STRFXXXX001,432
0000770STBLXXXX001,0331681STRFXXXX001,0332112STRFXXXX001,432
0000771STBLXXXX001,0332113STRFXXXX001,0332544STRFXXXX001,432
0000772STBLXXXX001,0332545STRFXXXX001,0332976STRFXXXX001,432
0000773STBLXXXX001,0332977STRFXXXX001,0333408STRFXXXX001,432
0000774STBLXXXX001,0333409STRFXXXX001,0333840STRFXXXX001,432
0000775STBLXXXX001,0333841STRFXXXX001,0334272STRFXXXX001,432
0000776STBLXXXX001,0334273STRFXXXX001,0334704STRFXXXX001,432
0000777STBLXXXX001,0334705STRFXXXX001,0335136STRFXXXX001,432
0000778STBLXXXX001,0335137STRFXXXX001,0335568STRFXXXX001,432
0000779STBLXXXX001,0335569STRFXXXX001,0336000STRFXXXX001,432
0000780STBLXXXX001,0336001STRFXXXX001,0336432STRFXXXX001,432
0000781STBLXXXX001,0336433STRFXXXX001,0336864STRFXXXX001,432
0000782STBLXXXX001,0336865STRFXXXX001,0337296STRFXXXX001,432
0000783STBLXXXX001,0337297STRFXXXX001,0337728STRFXXXX001,432
0000784STBLXXXX001,0337729STRFXXXX001,0338160STRFXXXX001,432
0000785STBLXXXX001,0338161STRFXXXX001,0338592STRFXXXX001,432
0000786STBLXXXX001,0338593STRFXXXX001,0339024STRFXXXX001,432
0000787STBLXXXX001,0339025STRFXXXX001,0339456STRFXXXX001,432
0000788STBLXXXX001,0339457STRFXXXX001,0339888STRFXXXX001,432
0000789STBLXXXX001,0339889STRFXXXX001,0340320STRFXXXX001,432
0000790STBLXXXX001,0340321STRFXXXX001,0340752STRFXXXX001,432
0000791STBLXXXX001,0340753STRFXXXX001,0341184STRFXXXX001,432
0000792STBLXXXX001,0341185STRFXXXX001,0341616STRFXXXX001,432
0000793STBLXXXX001,0341617STRFXXXX001,0342048STRFXXXX001,432
0000794STBLXXXX001,0342049STRFXXXX001,0342480STRFXXXX001,432
0000795STBLXXXX001,0342481STRFXXXX001,0342912STRFXXXX001,432
0000796STBLXXXX001,0342913STRFXXXX001,0343344STRFXXXX001,432
0000797STBLXXXX001,0343345STRFXXXX001,0343776STRFXXXX001,432
0000798STBLXXXX001,0343777STRFXXXX001,0344208STRFXXXX001,432
0000799STBLXXXX001,0344209STRFXXXX001,0344640STRFXXXX001,432
0000800STBLXXXX001,0344641STRFXXXX001,0345072STRFXXXX001,432
0000801STBLXXXX001,0345073STRFXXXX001,0345504STRFXXXX001,432
0000802STBLXXXX001,0345505STRFXXXX001,0345936STRFXXXX001,432
0000803STBLXXXX001,0345937STRFXXXX001,0346368STRFXXXX001,432
0000804STBLXXXX001,0346369STRFXXXX001,0346800STRFXXXX001,432
0000805STBLXXXX001,0346801STRFXXXX001,0347232STRFXXXX001,432
0000806STBLXXXX001,0347233STRFXXXX001,0347664STRFXXXX001,432
0000807STBLXXXX001,0347665STRFXXXX001,0348096STRFXXXX001,432
0000808STBLXXXX001,0348097STRFXXXX001,0348528STRFXXXX001,432
0000809STBLXXXX001,0348529STRFXXXX001,0348960STRFXXXX001,432
0000810STBLXXXX001,0348961STRFXXXX001,0349392STRFXXXX001,432
0000811STBLXXXX001,0349393STRFXXXX001,0349824STRFXXXX001,432
0000812STBLXXXX001,0349825STRFXXXX001,0350256STRFXXXX001,432
0000813STBLXXXX001,0350257STRFXXXX001,0350688STRFXXXX001,432
0000814STBLXXXX001,0350689STRFXXXX001,0351120STRFXXXX001,432
0000815STBLXXXX001,0351121STRFXXXX001,0351552STRFXXXX001,432
0000816STBLXXXX001,0351553STRFXXXX001,0351984STRFXXXX001,432
0000817STBLXXXX001,0351985STRFXXXX001,0352416STRFXXXX001,432
0000818STBLXXXX001,0352417STRFXXXX001,0352848STRFXXXX001,432
0000819STBLXXXX001,0352849STRFXXXX001,0353280STRFXXXX001,432
0000820STBLXXXX001,0353281STRFXXXX001,0353712STRFXXXX001,432
0000821STBLXXXX001,0353713STRFXXXX001,0354144STRFXXXX001,432
0000822STBLXXXX001,0354145STRFXXXX001,0354576STRFXXXX001,432
0000823STBLXXXX001,0354577STRFXXXX001,0355008STRFXXXX001,432
0000824STBLXXXX001,0355009STRFXXXX001,0355440STRFXXXX001,432
0000825STBLXXXX001,0355441STRFXXXX001,0355872STRFXXXX001,432
0000826STBLXXXX001,0355873STRFXXXX001,0356304STRFXXXX001,432
0000827STBLXXXX001,0356305STRFXXXX001,0356736STRFXXXX001,432
0000828STBLXXXX001,0356737STRFXXXX001,0357168STRFXXXX001,432
0000829STBLXXXX001,0357169STRFXXXX001,0357600STRFXXXX001,432
0000830STBLXXXX001,0357601STRFXXXX001,0358032STRFXXXX001,432
0000831STBLXXXX001,0358033STRFXXXX001,0358464STRFXXXX001,432
0000832STBLXXXX001,0358465STRFXXXX001,0358896STRFXXXX001,432
0000833STBLXXXX001,0358897STRFXXXX001,0359328STRFXXXX001,432
0000834STBLXXXX001,0359329STRFXXXX001,0359760STRFXXXX001,432
0000835STBLXXXX001,0359761STRFXXXX001,0360192STRFXXXX001,432
0000836STBLXXXX001,0360193STRFXXXX001,0360624STRFXXXX001,432
0000837STBLXXXX001,0360625STRFXXXX001,0361056STRFXXXX001,432
0000838STBLXXXX001,0361057STRFXXXX001,0361488STRFXXXX001,432
0000839STBLXXXX001,0361489STRFXXXX001,0361920STRFXXXX001,432
0000840STBLXXXX001,0361921STRFXXXX001,0362352STRFXXXX001,432
0000841STBLXXXX001,0362353STRFXXXX001,0362784STRFXXXX001,432
0000842STBLXXXX001,0362785STRFXXXX001,0363216STRFXXXX001,432
0000843STBLXXXX001,0363217STRFXXXX001,0363648STRFXXXX001,432
0000844STBLXXXX001,0363649STRFXXXX001,0364080STRFXXXX001,432
0000845STBLXXXX001,0364081STRFXXXX001,0364512STRFXXXX001,432
0000846STBLXXXX001,0364513STRFXXXX001,0364944STRFXXXX001,432
0000847STBLXXXX001,0364945STRFXXXX001,0365376STRFXXXX001,432
0000848STBLXXXX001,0365377STRFXXXX001,0365808STRFXXXX001,432
0000849STBLXXXX001,0365809STRFXXXX001,0366240STRFXXXX001,432
0000850STBLXXXX001,0366241STRFXXXX001,0366672STRFXXXX001,432
0000851STBLXXXX001,0366673STRFXXXX001,0367104STRFXXXX001,432
0000852STBLXXXX001,0367105STRFXXXX001,0367536STRFXXXX001,432
0000853STBLXXXX001,0367537STRFXXXX001,0367968STRFXXXX001,432
0000854STBLXXXX001,0367969STRFXXXX001,0368400STRFXXXX001,432
0000855STBLXXXX001,0368401STRFXXXX001,0368832STRFXXXX001,432
0000856STBLXXXX001,0368833STRFXXXX001,0369264STRFXXXX001,432
0000857STBLXXXX001,0369265STRFXXXX001,0369696STRFXXXX001,432
0000858STBLXXXX001,0369697STRFXXXX001,0370128STRFXXXX001,432
0000859STBLXXXX001,0370129STRFXXXX001,0370560STRFXXXX001,432
0000860STBLXXXX001,0370561STRFXXXX001,0370992STRFXXXX001,432
0000861STBLXXXX001,0370993STRFXXXX001,0371424STRFXXXX001,432
0000862STBLXXXX001,0371425STRFXXXX001,0371856STRFXXXX001,432
0000863STBLXXXX001,0371857STRFXXXX001,0372288STRFXXXX001,432
0000864STBLXXXX001,0372289STRFXXXX001,0372720STRFXXXX001,432
0000865STBLXXXX001,0372721STRFXXXX001,0373152STRFXXXX001,432
0000866STBLXXXX001,0373153STRFXXXX001,0373584STRFXXXX001,432
0000867STBLXXXX001,0373585STRFXXXX001,0374016STRFXXXX001,432
0000868STBLXXXX001,0374017STRFXXXX001,0374448STRFXXXX001,432
0000869STBLXXXX001,0374449STRFXXXX001,0374880STRFXXXX001,432
0000870STBLXXXX001,0374881STRFXXXX001,0375312STRFXXXX001,432
0000871STBLXXXX001,0375313STRFXXXX001,0375744STRFXXXX001,432
0000872STBLXXXX001,0375745STRFXXXX001,0376176STRFXXXX001,432
0000873STBLXXXX001,0376177STRFXXXX001,0376608STRFXXXX001,432
0000874STBLXXXX001,0376609STRFXXXX001,0377040STRFXXXX001,432
0000875STBLXXXX001,0377041STRFXXXX001,0377472STRFXXXX001,432
0000876STBLXXXX001,0377473STRFXXXX001,0377904STRFXXXX001,432
0000877STBLXXXX001,0377905STRFXXXX001,0378336STRFXXXX001,432
0000878STBLXXXX001,0378337STRFXXXX001,0378768STRFXXXX001,432
0000879STBLXXXX001,0378769STRFXXXX001,0379200STRFXXXX001,432
0000880STBLXXXX001,0379201STRFXXXX001,0379632STRFXXXX001,432
0000881STBLXXXX001,0379633STRFXXXX001,0380064STRFXXXX001,432
0000882STBLXXXX001,0380065STRFXXXX001,0380496STRFXXXX001,432
0000883STBLXXXX001,0380497STRFXXXX001,0380928STRFXXXX001,432
0000884STBLXXXX001,0380929STRFXXXX001,0381360STRFXXXX001,432
0000885STBLXXXX001,0381361STRFXXXX001,0381792STRFXXXX001,432
0000886STBLXXXX001,0381793STRFXXXX001,0382224STRFXXXX001,432
0000887STBLXXXX001,0382225STRFXXXX001,0382656STRFXXXX001,432
0000888STBLXXXX001,0382657STRFXXXX001,0383088STRFXXXX001,432
0000889STBLXXXX001,0383089STRFXXXX001,0383520STRFXXXX001,432
0000890STBLXXXX001,0383521STRFXXXX001,0383952STRFXXXX001,432
0000891STBLXXXX001,0383953STRFXXXX001,0384384STRFXXXX001,432
0000892STBLXXXX001,0384385STRFXXXX001,0384816STRFXXXX001,432
0000893STBLXXXX001,0384817STRFXXXX001,0385248STRFXXXX001,432
0000894STBLXXXX001,0385249STRFXXXX001,0385680STRFXXXX001,432
0000895STBLXXXX001,0385681STRFXXXX001,0386112STRFXXXX001,432
0000896STBLXXXX001,0386113STRFXXXX001,0386544STRFXXXX001,432
0000897STBLXXXX001,0386545STRFXXXX001,0386976STRFXXXX001,432
0000898STBLXXXX001,0386977STRFXXXX001,0387408STRFXXXX001,432
0000899STBLXXXX001,0387409STRFXXXX001,0387840STRFXXXX001,432
0000900STBLXXXX001,0387841STRFXXXX001,0388272STRFXXXX001,432
0000901STBLXXXX001,0388273STRFXXXX001,0388704STRFXXXX001,432
0000902STBLXXXX001,0388705STRFXXXX001,0389136STRFXXXX001,432
0000903STBLXXXX001,0389137STRFXXXX001,0389568STRFXXXX001,432
0000904STBLXXXX001,0389569STRFXXXX001,0390000STRFXXXX001,432
0000905STBLXXXX001,0390001STRFXXXX001,0390432STRFXXXX001,432
0000906STBLXXXX001,0390433STRFXXXX001,0390864STRFXXXX001,432
0000907STBLXXXX001,0390865STRFXXXX001,0391296STRFXXXX001,432
0000908STBLXXXX001,0391297STRFXXXX001,0391728STRFXXXX001,432
0000909STBLXXXX001,0391729STRFXXXX001,0392160STRFXXXX001,432
0000910STBLXXXX001,0392161STRFXXXX001,0392592STRFXXXX001,432
0000911STBLXXXX001,0392593STRFXXXX001,0393024STRFXXXX001,432
0000912STBLXXXX001,0393025STRFXXXX001,0393456STRFXXXX001,432
0000913STBLXXXX001,0393457STRFXXXX001,0393888STRFXXXX001,432
0000914STBLXXXX001,0393889STRFXXXX001,0394320STRFXXXX001,432
0000915STBLXXXX001,0394321STRFXXXX001,0394752STRFXXXX001,432
0000916STBLXXXX001,0394753STRFXXXX001,0395184STRFXXXX001,432
0000917STBLXXXX001,0395185STRFXXXX001,0395616STRFXXXX001,432
0000918STBLXXXX001,0395617STRFXXXX001,0396048STRFXXXX001,432
0000919STBLXXXX001,0396049STRFXXXX001,0396480STRFXXXX001,432
0000920STBLXXXX001,0396481STRFXXXX001,0396912STRFXXXX001,432
0000921STBLXXXX001,0396913STRFXXXX001,0397344STRFXXXX001,432
0000922STBLXXXX001,0397345STRFXXXX001,0397776STRFXXXX001,432
0000923STBLXXXX001,0397777STRFXXXX001,0398208STRFXXXX001,432
0000924STBLXXXX001,0398209STRFXXXX001,0398640STRFXXXX001,432
0000925STBLXXXX001,0398641STRFXXXX001,0399072STRFXXXX001,432
0000926STBLXXXX001,0399073STRFXXXX001,0399504STRFXXXX001,432
0000927STBLXXXX001,0399505STRFXXXX001,0399936STRFXXXX001,432
0000928STBLXXXX001,0399937STRFXXXX001,0400368STRFXXXX001,432
0000929STBLXXXX001,0400369STRFXXXX001,0400800STRFXXXX001,432
0000930STBLXXXX001,0400801STRFXXXX001,0401232STRFXXXX001,432
0000931STBLXXXX001,0401233STRFXXXX001,0401664STRFXXXX001,432
0000932STBLXXXX001,0401665STRFXXXX001,0402096STRFXXXX001,432
0000933STBLXXXX001,0402097STRFXXXX001,0402528STRFXXXX001,432
0000934STBLXXXX001,0402529STRFXXXX001,0402960STRFXXXX001,432
0000935STBLXXXX001,0402961STRFXXXX001,0403392STRFXXXX001,432
0000936STBLXXXX001,0403393STRFXXXX001,0403824STRFXXXX001,432
0000937STBLXXXX001,0403825STRFXXXX001,0404256STRFXXXX001,432
0000938STBLXXXX001,0404257STRFXXXX001,0404688STRFXXXX001,432
0000939STBLXXXX001,0404689STRFXXXX001,0405120STRFXXXX001,432
0000940STBLXXXX001,0405121STRFXXXX001,0405552STRFXXXX001,432
0000941STBLXXXX001,0405553STRFXXXX001,0405984STRFXXXX001,432
0000942STBLXXXX001,0405985STRFXXXX001,0406416STRFXXXX001,432
0000943STBLXXXX001,0406417STRFXXXX001,0406848STRFXXXX001,432
0000944STBLXXXX001,0406849STRFXXXX001,0407280STRFXXXX001,432
0000945STBLXXXX001,0407281STRFXXXX001,0407712STRFXXXX001,432
0000946STBLXXXX001,0407713STRFXXXX001,0408144STRFXXXX001,432
0000947STBLXXXX001,0408145STRFXXXX001,0408576STRFXXXX001,432
0000948STBLXXXX001,0408577STRFXXXX001,0409008STRFXXXX001,432
0000949STBLXXXX001,0409009STRFXXXX001,0409440STRFXXXX001,432
0000950STBLXXXX001,0409441STRFXXXX001,0409872STRFXXXX001,432
0000951STBLXXXX001,0409873STRFXXXX001,0410304STRFXXXX001,432
0000952STBLXXXX001,0410305STRFXXXX001,0410736STRFXXXX001,432
0000953STBLXXXX001,0410737STRFXXXX001,0411168STRFXXXX001,432
0000954STBLXXXX001,0411169STRFXXXX001,0411600STRFXXXX001,432
0000955STBLXXXX001,0411601STRFXXXX001,0412032STRFXXXX001,432
0000956STBLXXXX001,0412033STRFXXXX001,0412464STRFXXXX001,432
0000957STBLXXXX001,0412465STRFXXXX001,0412896STRFXXXX001,432
0000958STBLXXXX001,0412897STRFXXXX001,0413328STRFXXXX001,432
0000959STBLXXXX001,0413329STRFXXXX001,0413760STRFXXXX001,432
0000960STBLXXXX001,0413761STRFXXXX001,0414192STRFXXXX001,432
0000961STBLXXXX001,0414193STRFXXXX001,0414624STRFXXXX001,432
0000962STBLXXXX001,0414625STRFXXXX001,0415056STRFXXXX001,432
0000963STBLXXXX001,0415057STRFXXXX001,0415488STRFXXXX001,432
0000964STBLXXXX001,0415489STRFXXXX001,0415920STRFXXXX001,432
0000965STBLXXXX001,0415921STRFXXXX001,0416352STRFXXXX001,432
0000966STBLXXXX001,0416353STRFXXXX001,0416784STRFXXXX001,432
0000967STBLXXXX001,0416785STRFXXXX001,0417216STRFXXXX001,432
0000968STBLXXXX001,0417217STRFXXXX001,0417648STRFXXXX001,432
0000969STBLXXXX001,0417649STRFXXXX001,0418080STRFXXXX001,432
0000970STBLXXXX001,0418081STRFXXXX001,0418512STRFXXXX001,432
0000971STBLXXXX001,0418513STRFXXXX001,0418944STRFXXXX001,432
0000972STBLXXXX001,0418945STRFXXXX001,0419376STRFXXXX001,432
0000973STBLXXXX001,0419377STRFXXXX001,0419808STRFXXXX001,432
0000974STBLXXXX001,0419809STRFXXXX001,0420240STRFXXXX001,432
0000975STBLXXXX001,0420241STRFXXXX001,0420672STRFXXXX001,432
0000976STBLXXXX001,0420673STRFXXXX001,0421104STRFXXXX001,432
0000977STBLXXXX001,0421105STRFXXXX001,0421536STRFXXXX001,432
0000978STBLXXXX001,0421537STRFXXXX001,0421968STRFXXXX001,432
0000979STBLXXXX001,0421969STRFXXXX001,0422400STRFXXXX001,432
0000980STBLXXXX001,0422401STRFXXXX001,0422832STRFXXXX001,432
0000981STBLXXXX001,0422833STRFXXXX001,0423264STRFXXXX001,432
0000982STBLXXXX001,0423265STRFXXXX001,0423696STRFXXXX001,432
0000983STBLXXXX001,0423697STRFXXXX001,0424128STRFXXXX001,432
0000984STBLXXXX001,0424129STRFXXXX001,0424560STRFXXXX001,432
0000985STBLXXXX001,0424561STRFXXXX001,0424992STRFXXXX001,432
0000986STBLXXXX001,0424993STRFXXXX001,0425424STRFXXXX001,432
0000987STBLXXXX001,0425425STRFXXXX001,0425856STRFXXXX001,432
0000988STBLXXXX001,0425857STRFXXXX001,0426288STRFXXXX001,432
0000989STBLXXXX001,0426289STRFXXXX001,0426720STRFXXXX001,432
0000990STBLXXXX001,0426721STRFXXXX001,0427152STRFXXXX001,432
0000991STBLXXXX001,0427153STRFXXXX001,0427584STRFXXXX001,432
0000992STBLXXXX001,0427585STRFXXXX001,0428016STRFXXXX001,432
0000993STBLXXXX001,0428017STRFXXXX001,0428448STRFXXXX001,432
0000994STBLXXXX001,0428449STRFXXXX001,0428880STRFXXXX001,432
0000995STBLXXXX001,0428881STRFXXXX001,0429312STRFXXXX001,432
0000996STBLXXXX001,0429313STRFXXXX001,0429744STRFXXXX001,432
0000997STBLXXXX001,0429745STRFXXXX001,0430176STRFXXXX001,432
0000998STBLXXXX001,0430177STRFXXXX001,0430608STRFXXXX001,432
0000999STBLXXXX001,0430609STRFXXXX001,0431040STRFXXXX001,432
0001000STBLXXXX001,0431041STRFXXXX001,0431472STRFXXXX001,432
0001001STBLXXXX001,0431473STRFXXXX001,0431904STRFXXXX001,432
0001002STBLXXXX001,0431905STRFXXXX001,0432336STRFXXXX001,432
0001003STBLXXXX001,0432337STRFXXXX001,0432768STRFXXXX001,432
0001004STBLXXXX001,0432769STRFXXXX001,0433200STRFXXXX001,432
0001005STBLXXXX001,0433201STRFXXXX001,0433632STRFXXXX001,432
0001006STBLXXXX001,0433633STRFXXXX001,0434064STRFXXXX001,432
0001007STBLXXXX001,0434065STRFXXXX001,0434496STRFXXXX001,432
0001008STBLXXXX001,0434497STRFXXXX001,0434928STRFXXXX001,432
0001009STBLXXXX001,0434929STRFXXXX001,0435360STRFXXXX001,432
0001010STBLXXXX001,0435361STRFXXXX001,0435792STRFXXXX001,432
0001011STBLXXXX001,0435793STRFXXXX001,0436224STRFXXXX001,432
0001012STBLXXXX001,0436225STRFXXXX001,0436656STRFXXXX001,432
0001013STBLXXXX001,0436657STRFXXXX001,0437088STRFXXXX001,432
0001014STBLXXXX001,0437089STRFXXXX001,0437520STRFXXXX001,432
0001015STBLXXXX001,0437521STRFXXXX001,0437952STRFXXXX001,432
0001016STBLXXXX001,0437953STRFXXXX001,0438384STRFXXXX001,432
0001017STBLXXXX001,0438385STRFXXXX001,0438816STRFXXXX001,432
0001018STBLXXXX001,0438817STRFXXXX001,0439248STRFXXXX001,432
0001019STBLXXXX001,0439249STRFXXXX001,0439680STRFXXXX001,432
0001020STBLXXXX001,0439681STRFXXXX001,0440112STRFXXXX001,432
0001021STBLXXXX001,0440113STRFXXXX001,0440544STRFXXXX001,432
0001022STBLXXXX001,0440545STRFXXXX001,0440976STRFXXXX001,432
0001023STBLXXXX001,0440977STRFXXXX001,0441408STRFXXXX001,432
0001024STBLXXXX001,0441409STRFXXXX001,0441840STRFXXXX001,432
0001025STBLXXXX001,0441841STRFXXXX001,0442272STRFXXXX001,432
0001026STBLXXXX001,0442273STRFXXXX001,0442704STRFXXXX001,432
0001027STBLXXXX001,0442705STRFXXXX001,0443136STRFXXXX001,432
0001028STBLXXXX001,0443137STRFXXXX001,0443568STRFXXXX001,432
0001029STBLXXXX001,0443569STRFXXXX001,0444000STRFXXXX001,432
0001030STBLXXXX001,0444001STRFXXXX001,0444432STRFXXXX001,432
0001031STBLXXXX001,0444433STRFXXXX001,0444864STRFXXXX001,432
0001032STBLXXXX001,0444865STRFXXXX001,0445296STRFXXXX001,432
0001033STBLXXXX001,0445297STRFXXXX001,0445728STRFXXXX001,432
0001034STBLXXXX001,0445729STRFXXXX001,0446160STRFXXXX001,432
0001035STBLXXXX001,0446161STRFXXXX001,0446592STRFXXXX001,432
0001036STBLXXXX001,0446593STRFXXXX001,0447024STRFXXXX001,432
0001037STBLXXXX001,0447025STRFXXXX001,0447456STRFXXXX001,432
0001038STBLXXXX001,0447457STRFXXXX001,0447888STRFXXXX001,432
0001039STBLXXXX001,0447889STRFXXXX001,0448320STRFXXXX001,432
0001040STBLXXXX001,0448321STRFXXXX001,0448752STRFXXXX001,432
0001041STBLXXXX001,0448753STRFXXXX001,0449184STRFXXXX001,432
0001042STBLXXXX001,0449185STRFXXXX001,0449616STRFXXXX001,432
0001043STBLXXXX001,0449617STRFXXXX001,0450048STRFXXXX001,432
0001044STBLXXXX001,0450049STRFXXXX001,0450480STRFXXXX001,432
0001045STBLXXXX001,0450481STRFXXXX001,0450912STRFXXXX001,432
0001046STBLXXXX001,0450913STRFXXXX001,0451344STRFXXXX001,432
0001047STBLXXXX001,0451345STRFXXXX001,0451776STRFXXXX001,432
0001048STBLXXXX001,0451777STRFXXXX001,0452208STRFXXXX001,432
0001049STBLXXXX001,0452209STRFXXXX001,0452640STRFXXXX001,432
0001050STBLXXXX001,0452641STRFXXXX001,0453072STRFXXXX001,432
0001051STBLXXXX001,0453073STRFXXXX001,0453504STRFXXXX001,432
0001052STBLXXXX001,0453505STRFXXXX001,0453936STRFXXXX001,432
0001053STBLXXXX001,0453937STRFXXXX001,0454368STRFXXXX001,432
0001054STBLXXXX001,0454369STRFXXXX001,0454800STRFXXXX001,432
0001055STBLXXXX001,0454801STRFXXXX001,0455232STRFXXXX001,432
0001056STBLXXXX001,0455233STRFXXXX001,0455664STRFXXXX001,432
0001057STBLXXXX001,0455665STRFXXXX001,0456096STRFXXXX001,432
0001058STBLXXXX001,0456097STRFXXXX001,0456528STRFXXXX001,432
0001059STBLXXXX001,0456529STRFXXXX001,0456960STRFXXXX001,432
0001060STBLXXXX001,0456961STRFXXXX001,0457392STRFXXXX001,432
0001061STBLXXXX001,0457393STRFXXXX001,0457824STRFXXXX001,432
0001062STBLXXXX001,0457825STRFXXXX001,0458256STRFXXXX001,432
0001063STBLXXXX001,0458257STRFXXXX001,0458688STRFXXXX001,432
0001064STBLXXXX001,0458689STRFXXXX001,0459120STRFXXXX001,432
0001065STBLXXXX001,0459121STRFXXXX001,0459552STRFXXXX001,432
0001066STBLXXXX001,0459553STRFXXXX001,0459984STRFXXXX001,432
0001067STBLXXXX001,0459985STRFXXXX001,0460416STRFXXXX001,432
0001068STBLXXXX001,0460417STRFXXXX001,0460848STRFXXXX001,432
0001069STBLXXXX001,0460849STRFXXXX001,0461280STRFXXXX001,432
0001070STBLXXXX001,0461281STRFXXXX001,0461712STRFXXXX001,432
0001071STBLXXXX001,0461713STRFXXXX001,0462144STRFXXXX001,432
0001072STBLXXXX001,0462145STRFXXXX001,0462576STRFXXXX001,432
0001073STBLXXXX001,0462577STRFXXXX001,0463008STRFXXXX001,432
0001074STBLXXXX001,0463009STRFXXXX001,0463440STRFXXXX001,432
0001075STBLXXXX001,0463441STRFXXXX001,0463872STRFXXXX001,432
0001076STBLXXXX001,0463873STRFXXXX001,0464304STRFXXXX001,432
0001077STBLXXXX001,0464305STRFXXXX001,0464736STRFXXXX001,432
0001078STBLXXXX001,0464737STRFXXXX001,0465168STRFXXXX001,432
0001079STBLXXXX001,0465169STRFXXXX001,0465600STRFXXXX001,432
0001080STBLXXXX001,0465601STRFXXXX001,0466032STRFXXXX001,432
0001081STBLXXXX001,0466033STRFXXXX001,0466464STRFXXXX001,432
0001082STBLXXXX001,0466465STRFXXXX001,0466896STRFXXXX001,432
0001083STBLXXXX001,0466897STRFXXXX001,0467328STRFXXXX001,432
0001084STBLXXXX001,0467329STRFXXXX001,0467760STRFXXXX001,432
0001085STBLXXXX001,0467761STRFXXXX001,0468192STRFXXXX001,432
0001086STBLXXXX001,0468193STRFXXXX001,0468624STRFXXXX001,432
0001087STBLXXXX001,0468625STRFXXXX001,0469056STRFXXXX001,432
0001088STBLXXXX001,0469057STRFXXXX001,0469488STRFXXXX001,432
0001089STBLXXXX001,0469489STRFXXXX001,0469920STRFXXXX001,432
0001090STBLXXXX001,0469921STRFXXXX001,0470352STRFXXXX001,432
0001091STBLXXXX001,0470353STRFXXXX001,0470784STRFXXXX001,432
0001092STBLXXXX001,0470785STRFXXXX001,0471216STRFXXXX001,432
0001093STBLXXXX001,0471217STRFXXXX001,0471648STRFXXXX001,432
0001094STBLXXXX001,0471649STRFXXXX001,0472080STRFXXXX001,432
0001095STBLXXXX001,0472081STRFXXXX001,0472512STRFXXXX001,432
0001096STBLXXXX001,0472513STRFXXXX001,0472944STRFXXXX001,432
0001097STBLXXXX001,0472945STRFXXXX001,0473376STRFXXXX001,432
0001098STBLXXXX001,0473377STRFXXXX001,0473808STRFXXXX001,432
0001099STBLXXXX001,0473809STRFXXXX001,0474240STRFXXXX001,432
0001100STBLXXXX001,0474241STRFXXXX001,0474672STRFXXXX001,432
0001101STBLXXXX001,0474673STRFXXXX001,0475104STRFXXXX001,432
0001102STBLXXXX001,0475105STRFXXXX001,0475536STRFXXXX001,432
0001103STBLXXXX001,0475537STRFXXXX001,0475968STRFXXXX001,432
0001104STBLXXXX001,0475969STRFXXXX001,0476400STRFXXXX001,432
0001105STBLXXXX001,0476401STRFXXXX001,0476832STRFXXXX001,432
0001106STBLXXXX001,0476833STRFXXXX001,0477264STRFXXXX001,432
0001107STBLXXXX001,0477265STRFXXXX001,0477696STRFXXXX001,432
0001108STBLXXXX001,0477697STRFXXXX001,0478128STRFXXXX001,432
0001109STBLXXXX001,0478129STRFXXXX001,0478560STRFXXXX001,432
0001110STBLXXXX001,0478561STRFXXXX001,0478992STRFXXXX001,432
0001111STBLXXXX001,0478993STRFXXXX001,0479424STRFXXXX001,432
0001112STBLXXXX001,0479425STRFXXXX001,0479856STRFXXXX001,432
0001113STBLXXXX001,0479857STRFXXXX001,0480288STRFXXXX001,432
0001114STBLXXXX001,0480289STRFXXXX001,0480720STRFXXXX001,432
0001115STBLXXXX001,0480721STRFXXXX001,0481152STRFXXXX001,432
0001116STBLXXXX001,0481153STRFXXXX001,0481584STRFXXXX001,432
0001117STBLXXXX001,0481585STRFXXXX001,0482016STRFXXXX001,432
0001118STBLXXXX001,0482017STRFXXXX001,0482448STRFXXXX001,432
0001119STBLXXXX001,0482449STRFXXXX001,0482880STRFXXXX001,432
0001120STBLXXXX001,0482881STRFXXXX001,0483312STRFXXXX001,432
0001121STBLXXXX001,0483313STRFXXXX001,0483744STRFXXXX001,432
0001122STBLXXXX001,0483745STRFXXXX001,0484176STRFXXXX001,432
0001123STBLXXXX001,0484177STRFXXXX001,0484608STRFXXXX001,432
0001124STBLXXXX001,0484609STRFXXXX001,0485040STRFXXXX001,432
0001125STBLXXXX001,0485041STRFXXXX001,0485472STRFXXXX001,432
0001126STBLXXXX001,0485473STRFXXXX001,0485904STRFXXXX001,432
0001127STBLXXXX001,0485905STRFXXXX001,0486336STRFXXXX001,432
0001128STBLXXXX001,0486337STRFXXXX001,0486768STRFXXXX001,432
0001129STBLXXXX001,0486769STRFXXXX001,0487200STRFXXXX001,432
0001130STBLXXXX001,0487201STRFXXXX001,0487632STRFXXXX001,432
0001131STBLXXXX001,0487633STRFXXXX001,0488064STRFXXXX001,432
0001132STBLXXXX001,0488065STRFXXXX001,0488496STRFXXXX001,432
0001133STBLXXXX001,0488497STRFXXXX001,0488928STRFXXXX001,432
0001134STBLXXXX001,0488929STRFXXXX001,0489360STRFXXXX001,432
0001135STBLXXXX001,0489361STRFXXXX001,0489792STRFXXXX001,432
0001136STBLXXXX001,0489793STRFXXXX001,0490224STRFXXXX001,432
0001137STBLXXXX001,0490225STRFXXXX001,0490656STRFXXXX001,432
0001138STBLXXXX001,0490657STRFXXXX001,0491088STRFXXXX001,432
0001139STBLXXXX001,0491089STRFXXXX001,0491520STRFXXXX001,432
0001140STBLXXXX001,0491521STRFXXXX001,0491952STRFXXXX001,432
0001141STBLXXXX001,0491953STRFXXXX001,0492384STRFXXXX001,432
0001142STBLXXXX001,0492385STRFXXXX001,0492816STRFXXXX001,432
0001143STBLXXXX001,0492817STRFXXXX001,0493248STRFXXXX001,432
0001144STBLXXXX001,0493249STRFXXXX001,0493680STRFXXXX001,432
0001145STBLXXXX001,0493681STRFXXXX001,0494112STRFXXXX001,432
0001146STBLXXXX001,0494113STRFXXXX001,0494544STRFXXXX001,432
0001147STBLXXXX001,0494545STRFXXXX001,0494976STRFXXXX001,432
0001148STBLXXXX001,0494977STRFXXXX001,0495408STRFXXXX001,432
0001149STBLXXXX001,0495409STRFXXXX001,0495840STRFXXXX001,432
0001150STBLXXXX001,0495841STRFXXXX001,0496272STRFXXXX001,432
0001151STBLXXXX001,0496273STRFXXXX001,0496704STRFXXXX001,432
0001152STBLXXXX001,0496705STRFXXXX001,0497136STRFXXXX001,432
0001153STBLXXXX001,0497137STRFXXXX001,0497568STRFXXXX001,432
0001154STBLXXXX001,0497569STRFXXXX001,0498000STRFXXXX001,432
0001155STBLXXXX001,0498001STRFXXXX001,0498432STRFXXXX001,432
0001156STBLXXXX001,0498433STRFXXXX001,0498864STRFXXXX001,432
0001157STBLXXXX001,0498865STRFXXXX001,0499296STRFXXXX001,432
0001158STBLXXXX001,0499297STRFXXXX001,0499728STRFXXXX001,432
0001159STBLXXXX001,0499729STRFXXXX001,0500160STRFXXXX001,432
0001160STBLXXXX001,0500161STRFXXXX001,0500592STRFXXXX001,432
0001161STBLXXXX001,0500593STRFXXXX001,0501024STRFXXXX001,432
0001162STBLXXXX001,0501025STRFXXXX001,0501456STRFXXXX001,432
0001163STBLXXXX001,0501457STRFXXXX001,0501888STRFXXXX001,432
0001164STBLXXXX001,0501889STRFXXXX001,0502320STRFXXXX001,432
0001165STBLXXXX001,0502321STRFXXXX001,0502752STRFXXXX001,432
0001166STBLXXXX001,0502753STRFXXXX001,0503184STRFXXXX001,432
0001167STBLXXXX001,0503185STRFXXXX001,0503616STRFXXXX001,432
0001168STBLXXXX001,0503617STRFXXXX001,0504048STRFXXXX001,432
0001169STBLXXXX001,0504049STRFXXXX001,0504480STRFXXXX001,432
0001170STBLXXXX001,0504481STRFXXXX001,0504912STRFXXXX001,432
0001171STBLXXXX001,0504913STRFXXXX001,0505344STRFXXXX001,432
0001172STBLXXXX001,0505345STRFXXXX001,0505776STRFXXXX001,432
0001173STBLXXXX001,0505777STRFXXXX001,0506208STRFXXXX001,432
0001174STBLXXXX001,0506209STRFXXXX001,0506640STRFXXXX001,432
0001175STBLXXXX001,0506641STRFXXXX001,0507072STRFXXXX001,432
0001176STBLXXXX001,0507073STRFXXXX001,0507504STRFXXXX001,432
0001177STBLXXXX001,0507505STRFXXXX001,0507936STRFXXXX001,432
0001178STBLXXXX001,0507937STRFXXXX001,0508368STRFXXXX001,432
0001179STBLXXXX001,0508369STRFXXXX001,0508800STRFXXXX001,432
0001180STBLXXXX001,0508801STRFXXXX001,0509232STRFXXXX001,432
0001181STBLXXXX001,0509233STRFXXXX001,0509664STRFXXXX001,432
0001182STBLXXXX001,0509665STRFXXXX001,0510096STRFXXXX001,432
0001183STBLXXXX001,0510097STRFXXXX001,0510528STRFXXXX001,432
0001184STBLXXXX001,0510529STRFXXXX001,0510960STRFXXXX001,432
0001185STBLXXXX001,0510961STRFXXXX001,0511392STRFXXXX001,432
0001186STBLXXXX001,0511393STRFXXXX001,0511824STRFXXXX001,432
0001187STBLXXXX001,0511825STRFXXXX001,0512256STRFXXXX001,432
0001188STBLXXXX001,0512257STRFXXXX001,0512688STRFXXXX001,432
0001189STBLXXXX001,0512689STRFXXXX001,0513120STRFXXXX001,432
0001190STBLXXXX001,0513121STRFXXXX001,0513552STRFXXXX001,432
0001191STBLXXXX001,0513553STRFXXXX001,0513984STRFXXXX001,432
0001192STBLXXXX001,0513985STRFXXXX001,0514416STRFXXXX001,432
0001193STBLXXXX001,0514417STRFXXXX001,0514848STRFXXXX001,432
0001194STBLXXXX001,0514849STRFXXXX001,0515280STRFXXXX001,432
0001195STBLXXXX001,0515281STRFXXXX001,0515712STRFXXXX001,432
0001196STBLXXXX001,0515713STRFXXXX001,0516144STRFXXXX001,432
0001197STBLXXXX001,0516145STRFXXXX001,0516576STRFXXXX001,432
0001198STBLXXXX001,0516577STRFXXXX001,0517008STRFXXXX001,432
0001199STBLXXXX001,0517009STRFXXXX001,0517440STRFXXXX001,432
0001200STBLXXXX001,0517441STRFXXXX001,0517872STRFXXXX001,432
0001201STBLXXXX001,0517873STRFXXXX001,0518304STRFXXXX001,432
0001202STBLXXXX001,0518305STRFXXXX001,0518736STRFXXXX001,432
0001203STBLXXXX001,0518737STRFXXXX001,0519168STRFXXXX001,432
0001204STBLXXXX001,0519169STRFXXXX001,0519600STRFXXXX001,432
0001205STBLXXXX001,0519601STRFXXXX001,0520000STRFXXXX001,400
